"","geo_accession","study group:ch1","Sex:ch1","age:ch1","donor id:ch1","hla:ch1"
"GSM6685685","GSM6685685","RA","female","69","Donor1048359","*03, *0401"
"GSM6685687","GSM6685687","RA","female","64","Donor1303002","Unknown, Unknown"
"GSM6685689","GSM6685689","RA","female","69","Donor1775665","*0401, *0401"
"GSM6685691","GSM6685691","RA","male","79","Donor1482623","*01, *0408"
"GSM6685693","GSM6685693","RA","female","59","Donor1162237","*0404, *0701"
"GSM6685695","GSM6685695","RA","male","77","Donor1950288","*0401, *01"
"GSM6685697","GSM6685697","RA","female","76","Donor1772717","*0401, Unknown"
"GSM6685699","GSM6685699","RA","female","31","Donor1877555","*0401, *0408"
"GSM6685701","GSM6685701","RA","female","46","Donor1818623","*0401, *0407"
"GSM6685703","GSM6685703","RA","female","52","Donor1093602","*01, *0401"
"GSM6685705","GSM6685705","RA","male","48","Donor1960585","*03, *0404"
"GSM6685707","GSM6685707","RA","female","79","Donor1049134","*0401, *0404"
"GSM6685717","GSM6685717","RA","female","51","Donor1793904","*0401, *1501"
"GSM6685719","GSM6685719","RA","female","32","Donor1674","*0404, *01"
"GSM6685721","GSM6685721","RA","male","35","Donor1723151","*0401, unknown"
"GSM6685723","GSM6685723","RA","male","59","Donor1505901","*03, *0401"
"GSM6685725","GSM6685725","RA","female","46","Donor1786291","*01, *1502"
"GSM6685726","GSM6685726","RA","male","58","Donor1960805","*01, *0401"
"GSM6685728","GSM6685728","RA","female","61","Donor1792473","*0401, *03"
"GSM6685730","GSM6685730","RA","female","59","Donor1787900","*01, *13"
"GSM6685732","GSM6685732","RA","female","53","Donor1756694","*0404"
"GSM6685734","GSM6685734","RA","female","53","Donor1050325","*0404, Unknown"
"GSM6685735","GSM6685735","RA","female","56","Donor1959752","*03, *0404"
"GSM6685738","GSM6685738","RA","female","61","Donor1036946","*03, *0401"
"GSM6685740","GSM6685740","RA","male","69","Donor1651069","*0404, *1501"
"GSM6685742","GSM6685742","RA","female","65","Donor1506832","*0405, Unknown"
"GSM6685744","GSM6685744","RA","male","73","Donor1503872","*0401, *0404"
"GSM6685746","GSM6685746","RA","female","48","Donor1287906","*0401, *01"
"GSM6685748","GSM6685748","RA","female","58","Donor1010996","*0402, *0404"
"GSM6685750","GSM6685750","RA","female","64","Donor1880389","Unknown, Unknown"
"GSM6685752","GSM6685752","RA","male","50","Donor1751","*0404, Unknown"
"GSM6685754","GSM6685754","RA","male","63","Donor1483288","*01, *03"
"GSM6685756","GSM6685756","RA","female","64","Donor1978426","*0401, *13"
"GSM6685758","GSM6685758","RA","female","29","Donor2020","*0401, *0408"
"GSM6685761","GSM6685761","RA","female","28","Donor2026","*0401, Unknown"
"GSM6685763","GSM6685763","RA","male","57","Donor1306738","*0404, *1501"
"GSM6685765","GSM6685765","RA","female","51","Donor1124429","*1501, Unknown"
"GSM6685767","GSM6685767","RA","female","25","Donor1107671","*01, *0408"
"GSM6685769","GSM6685769","RA","female","73","Donor2027","*0101, *0401"
"GSM6685770","GSM6685770","RA","male","79","Donor1160560","*01, Unknown"
"GSM6685771","GSM6685771","RA","female","39","Donor1686004","*1501, *01"
"GSM6685773","GSM6685773","RA","male","68","Donor1661108","*0401, Unknown"
"GSM6685775","GSM6685775","RA","male","74","Donor1878766","*13, Unknown"
"GSM6685777","GSM6685777","RA","female","48","Donor1946625","*0401, Unknown"
"GSM6685779","GSM6685779","RA","female","50","Donor1485897","*0408, Unknown"
"GSM6685781","GSM6685781","RA","male","56","Donor1454758","*01, *0401"
"GSM6685783","GSM6685783","RA","female","67","Donor1483","*0401, *1401"
"GSM6685785","GSM6685785","RA","male","69","Donor1777997","*0401, *0401"
"GSM6685787","GSM6685787","RA","male","73","Donor1136160","*0404, Unknown"
"GSM6685789","GSM6685789","RA","male","59","Donor1846671","*0401, *0404"
"GSM6685790","GSM6685790","RA","male","73","Donor1381016","*01, *0401"
"GSM6685792","GSM6685792","RA","female","61","Donor1133894","*0401, *0401"
"GSM6685793","GSM6685793","RA","male","64","Donor1495425","*0404, Unknown"
"GSM6685795","GSM6685795","RA","male","61","Donor1406860","*0404, Unknown"
"GSM6685796","GSM6685796","RA","female","55","Donor1329632","*0401, *13"
"GSM6685797","GSM6685797","RA","male","55","Donor1912","*0401, *03"
"GSM6685799","GSM6685799","RA","female","66","Donor1407226","*01, *1501"
"GSM6685801","GSM6685801","RA","female","86","Donor1962139","*01, *0401"
"GSM6685803","GSM6685803","RA","male","67","Donor1873412","*01, Unknown"
"GSM6685805","GSM6685805","RA","male","71","Donor1975726","*03, *1501"
"GSM6685807","GSM6685807","RA","male","66","Donor1346496","*03, *0403"
"GSM6685809","GSM6685809","RA","female","59","Donor1983389","*0401, *1501"
"GSM6685811","GSM6685811","RA","female","53","Donor1332072","Unknown, Unknown"
"GSM6685813","GSM6685813","RA","male","79","Donor1504670","*03, *0401"
"GSM6685814","GSM6685814","RA","male","63","Donor1683832","*01, *1501"
"GSM6685816","GSM6685816","RA","female","50","Donor1969419","*0401, Unknown"
"GSM6685818","GSM6685818","RA","male","71","Donor1432996","*0401, Unknown"
"GSM6685820","GSM6685820","RA","female","53","Donor1294142","*1502, Unknown"
"GSM6685822","GSM6685822","RA","female","59","Donor1175204","*0401, *03"
"GSM6685824","GSM6685824","RA","male","49","Donor1933530","*01, *0404"
"GSM6685826","GSM6685826","RA","male","70","Donor1888425","*1502, Unknown"
"GSM6685828","GSM6685828","RA","female","55","Donor1376835","Unknown, Unknown"
"GSM6685830","GSM6685830","RA","male","62","Donor1880735","*0405, *0405"
"GSM6685832","GSM6685832","RA","male","70","Donor1381209","Unknown, Unknown"
"GSM6685834","GSM6685834","RA","female","52","Donor1065567","*0404, *13"
"GSM6685836","GSM6685836","RA","female","32","Donor1628991","*03, *0401"
"GSM6685838","GSM6685838","RA","female","71","Donor1404335","*01, *0401"
"GSM6685840","GSM6685840","RA","female","52","Donor1849948","*04, *1502"
"GSM6685842","GSM6685842","RA","male","61","Donor1648186","*03, *03"
"GSM6685844","GSM6685844","RA","female","50","Donor1872502","*0404, Unknown"
"GSM6685846","GSM6685846","RA","female","58","Donor1351026","*0401, *0404"
"GSM6685848","GSM6685848","RA","female","28","Donor1894606","*01, Unknown"
"GSM6685849","GSM6685849","RA","male","73","Donor1287492","*0401, Unknown"
"GSM6685851","GSM6685851","RA","female","62","Donor1760","*0401, *01"
"GSM6685852","GSM6685852","RA","female","58","Donor2039","*0401, *1501"
"GSM6685854","GSM6685854","RA","male","74","Donor1724121","*01, *0401"
"GSM6685855","GSM6685855","RA","female","68","Donor1861319","*1502, Unknown"
"GSM6685857","GSM6685857","RA","female","66","Donor1766850","*03, *0401"
"GSM6685859","GSM6685859","RA","female","56","Donor1545392","*0401, Unknown"
"GSM6685861","GSM6685861","RA","female","58","Donor1809718","*0401, Unknown"
"GSM6685863","GSM6685863","RA","male","57","Donor1745","*0401, *1102"
"GSM6685865","GSM6685865","RA","female","43","Donor1971","*0401, *0404"
"GSM6685867","GSM6685867","RA","female","62","Donor1763503","*1501, Unknown"
"GSM6685869","GSM6685869","RA","male","51","Donor1041424","*01, *0408"
"GSM6685871","GSM6685871","RA","female","64","Donor1757","*0401, *0407"
"GSM6685873","GSM6685873","RA","female","56","Donor1216130","*0404, *01"
"GSM6685874","GSM6685874","RA","male","55","Donor1887470","*0404, Unknown"
